Customer message,Company response
안녕하세요. 제 제품을 사용하면서 이상한 소리가 나는데 어떻게 해야 하나요?,안녕하세요. 샵투월드입니다. 이상한 소리가 나는 경우에는 제품을 체크해 보아야 합니다. 먼저 전원 상태와 부속품의 결함을 확인해 주세요.
구매한 상품이 매우 만족스럽습니다. 감사합니다!,감사합니다! 고객님의 만족이 저희에게 큰 힘이 됩니다. 앞으로도 더 좋은 제품과 서비스를 제공하기 위해 노력하겠습니다.
배송이 너무 느려서 불편합니다. 어떻게 처리되는 건가요?,이용에 불편을 끼쳐 죄송합니다. 주문 번호를 알려주시면 빠른 처리를 도와드리도록  하겠습니다.
제품 사용법을 모르겠어요. 사용 설명서를 보아도 어렵습니다.,이용에 불편을 끼쳐 죄송합니다. 사용 설명서를 참고하기 어렵다면 고객센터로  전화하시거나 이메일로 문의 주시면 친절히 안내해 드리겠습니다.
물건을 잘못 발송받았어요. 어떻게 교환하나요?,불편을 드려 죄송합니다. 주문 번호와 함께 오류를 설명해 주시면 빠르게 교환 처리 도와드리겠 습니다.
안녕하세요! 제 계정에서 결제 오류가 발생했습니다. 어떻게 해결할 수 있을까요?,안녕하세요! 먼저 죄송합니다. 결제 오류에 대해 조사해 보겠습니다. 계정 정보와 함께 오류 메시지를 제공해주시겠어요?
환불 신청을 하려고 하는데 어떻게 진행되나요?,안녕하세요. 샵투월드입니다. 환불을 진행하기 전에 주문 번호와 함께 환불 원인을 알려주시겠어요? 빠른 처리를 위해 필요한 정보를 제공해주세요.
주문한 상품에 대한 리뷰를 남기려고 하는데 어떻게 해야 하나요?,안녕하세요! 감사합니다. 리뷰를 남기려면 웹사이트에 로그인한 후 주문 목록에서 해당 상품을 찾아 리뷰를 작성할 수 있습니다. 다른 도움이 필요하면 언제든지 알려주세요!
주문한 상품에 누락된 부분이 있어요. 어떻게 처리하나요?,안녕하세요. 샵투월드입니다. 누락된 부분에 대한 사과 말씀드립니다. 주문 번호와 함께 누락된 부분을 알려주시면 빠르게 조치를 취해드리겠습니다.
상품의 색상이 기대와 다릅니다. 환불이 가능한가요?,안녕하세요. 샵투월드입니다. 색상 불일치로 인한 불편을 끼쳐드려 죄송합니다. 주문 번호와 함께 환불을 원하는 이유를 알려주시면 처리 도와드리겠습니다.
안녕하세요. 제 제품을 사용하면서 이상한 소리가 나는데 어떻게 해야 하나요?,안녕하세요. 샵투월드입니다. 이상한 소리가 나는 경우에는 제품을 체크해 보아야 합니다. 먼저 전원 상태와 부속품의 결함을 확인해 주세요.
구매한 상품이 매우 만족스럽습니다. 감사합니다!,감사합니다! 고객님의 만족이 저희에게 큰 힘이 됩니다. 앞으로도 더 좋은 제품과 서비스를 제공하기 위해 노력하겠습니다.
배송이 너무 느려서 불편합니다. 어떻게 처리되는 건가요?,이용에 불편을 끼쳐 죄송합니다. 주문 번호를 알려주시면 빠른 처리를 도와드리도록 하겠습니다.
제품 사용법을 모르겠어요. 사용 설명서를 보아도 어렵습니다.,이용에 불편을 끼쳐 죄송합니다. 사용 설명서를 참고하기 어렵다면 고객센터로 전화하시거나 이메일로 문의 주시면 친절히 안내해 드리겠습니다.
물건을 잘못 발송받았어요. 어떻게 교환하나요?,불편을 드려 죄송합니다. 주문 번호와 함께 오류를 설명해 주시면 빠르게 교환 처리 도와드리겠 습니다.
안녕하세요! 제 계정에서 결제 오류가 발생했습니다. 어떻게 해결할 수 있을까요?,안녕하세요! 먼저 죄송합니다. 결제 오류에 대해 조사해 보겠습니다. 계정 정보와 함께 오류 메시지를 제공해주시겠어요?
환불 신청을 하려고 하는데 어떻게 진행되나요?,안녕하세요. 샵투월드입니다. 환불을 진행하기 전에 주문 번호와 함께 환불 원인을 알려주시겠어요? 빠른 처리를 위해 필요한 정보를 제공해주세요.
주문한 상품에 대한 리뷰를 남기려고 하는데 어떻게 해야 하나요?,안녕하세요! 감사합니다. 리뷰를 남기려면 웹사이트에 로그인한 후 주문 목록에서 해당 상품을 찾아 리뷰를 작성할 수 있습니다. 다른 도움이 필요하면 언제든지 알려주세요!
주문한 상품에 누락된 부분이 있어요. 어떻게 처리하나요?,안녕하세요. 샵투월드입니다. 누락된 부분에 대한 사과 말씀드립니다. 주문 번호와 함께 누락된 부분을 알려주시면 빠르게 조치를 취해드리겠습니다.
상품의 색상이 기대와 다릅니다. 환불이 가능한가요?,안녕하세요. 샵투월드입니다. 색상 불일치로 인한 불편을 끼쳐드려 죄송합니다. 주문 번호와 함께 환불을 원하는 이유를 알려주시면 처리 도와드리겠습니다.
